document_id,publishedAt,source,author,title,description,content
1,2025-04-14T05:41:35Z,Gadgets360.com,"Debby Wu, Josh Wingrove, and Shawn Donnan, Bloomberg","Apple, Nvidia Score Relief From US Tariffs With Exemptions","Trump’s administration exempted smartphones, computers and other electronics from its so-called reciprocal tariffs. The exclusions apply to smartphones, laptop computers, hard drives and computer processors and memory chips as well as flat-screen displays. Th…","President Donald Trump's administration exempted smartphones, computers and other electronics from its so-called reciprocal tariffs, representing a major reprieve for global technology manufacturers … [+7755 chars]"
2,2025-04-14T05:00:01Z,The Irish Times,Pat Leahy,EU and US meet to scope out talks amid growing trade uncertainty,Government anxious for pharmaceuticals to be part of overall trade negotiations,The first face-to-face meeting between the EU and the United States since the White House imposed tariffs on imports to the US will take place on Monday when EU trade commissioner Maro efovi meets co… [+3631 chars]
3,2025-04-14T04:54:37Z,Phandroid - News for Android,Tyler Lee,Trump exempts smartphones and computers from massive China tariffs,"Trump exempts smartphones and computers from steep tariffs, sparing iPhones and laptops from major price hikes.
The post Trump exempts smartphones and computers from massive China tariffs appeared first on Phandroid.","Trump just threw a lifeline to US tech buyers by exempting smartphones and computers from new tariffs on Chinese imports. In a surprise move, the Presidents administration officially announced that T… [+1560 chars]"
4,2025-04-14T04:26:01Z,Neowin,David Uzondu,"Trump warns no one's ""off the hook,"" more tariffs on phones expected in the future","The Trump administration has announced that the tariff exemptions are temporary, with Trump declaring no one's off the hook. Read more...","Credit: The White House
The past few days have thrown the US tech industry into a state of turmoil as markets scrambled to react to the Trump tariffs that impose a 10% levy on almost all imported go… [+2859 chars]"
5,2025-04-14T04:10:50Z,The Times of India,Reuters,TSMC first-quarter profit likely soared but Trump policies cloud outlook,"Taiwan Semiconductor Manufacturing Co is set to report net profit of T$347.8 billion ($10.74 billion) for the three months through March 31, according to a LSEG SmartEstimate drawn from 17 analysts. SmartEstimates give greater weighting to forecasts from anal…","TSMC, the main global producer of advanced chips used in artificial intelligence applications, is set to report a 54% leap in first-quarter profit on Thursday, though is also likely to flag risk from… [+2508 chars]"
6,2025-04-14T03:32:42Z,Yahoo Entertainment,Ben Blanchard and Wen-Yee Lee,TSMC first-quarter profit likely soared but Trump policies cloud outlook,"TSMC, the main global producer of advanced chips used in artificial intelligence applications, is set to report a 54% leap in first-quarter profit on...","By Ben Blanchard and Wen-Yee Lee
TAIPEI (Reuters) - TSMC, the main global producer of advanced chips used in artificial intelligence applications, is set to report a 54% leap in first-quarter profit… [+2388 chars]"
7,2025-04-14T02:01:58Z,BusinessLine,Reuters,Semiconductors from China under US scrutiny as Trump warns of fresh tariffs,"His commerce secretary Howard Lutnick confirmed new duties on semiconductors, pharmaceuticals, and key electronics will roll out within two months.","U.S. President Donald Trump on Sunday bore down on his administration's latest message that the exclusion of smartphones and computers from his reciprocal tariffs on China will be short-lived, pledgi… [+4880 chars]"
8,2025-04-13T22:13:09Z,NBC News,"Nick Duffy, Amina Kilpatrick, Adrianne Morales",Here's the biggest news you missed this weekend,A leading Alzheimer’s research project is in jeopardy if it can’t get funding. And a U.K. city is dealing with a trash pileup — and “cat-size” rats.,"One person is in custody in relation to the fire set at Pennsylvania Gov. Josh Shapiros official residence in Harrisburg early Sunday, officials said.
Cody Balmer will be charged with attempted murd… [+6698 chars]"
9,2025-04-13T22:07:41Z,CNBC,Sean Conlon,Stock market today: Live updates,The moves come after the market saw one of the most volatile trading weeks ever last week.,"Stock futures rose on Sunday as Wall Street looks to gauge President Donald Trump's latest tariff moves.
S&amp;P 500 futures gained 0.5%, while Nasdaq-100 futures moved 0.8% higher. Futures tied to … [+2371 chars]"
10,2025-04-13T21:28:28Z,Japan Today,NA,"Trump plans separate levy on exempted electronics, Lutnick says","U.S. Commerce Secretary Howard Lutnick said on Sunday that smartphones, computers and some other electronics, just exempted from steep tariffs on imports from China, would face separate new duties along with semiconductors within the next two months. Lutnick'…","U.S. Commerce Secretary Howard Lutnick said on Sunday that smartphones, computers and some other electronics, just exempted from steep tariffs on imports from China, would face separate new duties al… [+5291 chars]"
11,2025-04-13T20:52:48Z,Biztoc.com,barrons.com,Trump Says Nobody Is Getting Off the Hook on Tariffs,,"{ window.open(this.href, '_blank'); }, 200); return false;""&gt;Why did Trump exempt tech from tariffs? { window.open(this.href, '_blank'); }, 200); return false;""&gt;What spurred Solanas surge over E… [+947 chars]"
12,2025-04-13T20:18:39Z,CryptoSlate,Christina Comben,"Crypto markets make slight rebound as Trump excludes smartphones, laptops, semiconductor machines from reciprocal tariffs","In the latest round of the Trump tariff saga that has economists around the world on the edge of their seats, the U.S. released updated guidelines on Friday exempting specific technology devices, such as laptops, smartphones, and machines needed to make semic…","In the latest round of the Trump tariff saga that has economists around the world on the edge of their seats, the U.S. released updated guidelines on Friday exempting specific technology devices, suc… [+3741 chars]"
13,2025-04-13T19:24:17Z,Biztoc.com,wsj.com,Will the Last Investor to Leave America Please Turn Out the Lights,,"{ window.open(this.href, '_blank'); }, 200); return false;""&gt;Why did Trump boost REIT investors? { window.open(this.href, '_blank'); }, 200); return false;""&gt;Why do mega trends drive market outlo… [+827 chars]"
14,2025-04-13T18:59:37Z,Mother Jones,Julianne McShane,When It Comes to Tariffs Trump Officials Can’t Get Their Message Straight,"The Trump administration’s only consistency with its tariff policy has been its inconsistency. On April 2—a day President Donald Trump dubbed “Liberation Day”—the president announced a baseline 10 percent tariff, but rates much higher than that on countries a…","President Donald Trump with Apple CEO Tim Cook, left, and Treasury Secretary Steven Mnuchin, far left, in 2019.Jay Janner/TNS/ZUMA
Fight disinformation: Sign up for the free Mother Jones Daily newsl… [+6219 chars]"
15,2025-04-13T18:44:05Z,CNN,Auzinea Bacon,"Trump official says tariff exemptions on tech are temporary. Elizabeth Warren calls trade war ‘red light, green light’ game",Massachusetts Democratic Senator Elizabeth Warren described the confusion about shifting tariff rates and how smartphones and computers were spared from reciprocal tariffs as “chaos and corruption.”,"Commerce Secretary Howard Lutnick said the Trump administrations decision on Friday to exempt electronic devices like smartphones, iPhones and laptops from tariffs was only a temporary reprieve but t… [+5724 chars]"
16,2025-04-13T18:28:24Z,Biztoc.com,barrons.com,Bernie Sanders Exhorts Coachella Music Festival Revelers to Fight,,"{ window.open(this.href, '_blank'); }, 200); return false;""&gt;Why did Apple revamp its leadership? { window.open(this.href, '_blank'); }, 200); return false;""&gt;What spurred Apple's Vision Pro plan… [+941 chars]"
17,2025-04-13T18:02:44Z,Freerepublic.com,The hill,Lutnick: Smartphone tariff exemptions are temporary,"The Trump administration’s move to exempt smartphones, computers and other electronics from sweeping “reciprocal” tariffs is only a temporary measure, Commerce Secretary Howard Lutnick said Sunday, indicating those devices would be covered by upcoming sector-…","Skip to comments.
Lutnick: Smartphone tariff exemptions are temporaryThe hill ^
 | 13th April 2025
 | Brett Samuels
Posted on 04/13/2025 11:02:44 AM PDT by Cronos
The Trump administrations move … [+3492 chars]"
18,2025-04-13T17:49:52Z,Rolling Stone,Peter Wade,More Chaos: Trump Admin Signals New Tariffs on Electronics from China After Pause,"On Friday the administration announced an exemption for smartphones, computers and other devices, but this weekend White House officials say more tariffs on those goods are coming","The Trump administration had announced tariffs on products from China only to walk back that decision on Friday, issuing an exemption from reciprocal tariffs for smartphones, computers, semiconductor… [+4925 chars]"
19,2025-04-13T17:10:49Z,Raw Story,Agence France-Presse,US says tech tariff exemptions may be short-lived,"Recent exemptions to sweeping US import tariffs may be short-lived, top officials warned Sunday, as China urged the Trump administration to simply abandon its aggressive trade tax policy altogether.The world's two largest economies have been locked in a fast-…","Recent exemptions to sweeping US import tariffs may be short-lived, top officials warned Sunday, as China urged the Trump administration to simply abandon its aggressive trade tax policy altogether.… [+2941 chars]"
20,2025-04-13T16:53:38Z,Newsweek,Mandy Taheri,Trump Trade Adviser Insists New Tariff Exclusion Is 'Not an Exclusion',"Top Trump trade advisor Peter Navarro told NBC there are no exclusions on reciprocal tariffs, contradicting language used by CBP.","President Donald Trump's top trade adviser Peter Navarro said on Sunday that the updated list of products spared from ""reciprocal"" tariffs, including smartphones, computers and electronic chips, is ""… [+7502 chars]"
21,2025-04-13T16:28:00Z,DW (English),Rana Taha,"US electronic tariffs exemptions a 'small step,' China says","Beijing said the step was a ""small"" one in correcting Trump's ""wrong practice"" of imposing tariffs. US Commerce Secretary Lutnick meanwhile said Washington will impose separate tariffs on electronics and semiconductors.","China described the Trump administration's decision to exempt consumer electronics from hefty import tariffs as a ""small step"" in correcting a ""wrong practice.""
A Commerce Ministry spokesperson said… [+3168 chars]"
22,2025-04-13T15:38:36Z,New York Post,Ryan King,"iPhones and other Chinese-made electronics will likely be subject to more Trump tariffs, Commerce Secretary Lutnick says","President Trump's tariff exemption for iPhones and other Chinese-made electronics may only be temporary, Commerce Secretary Howard Lutnick said Sunday — just two days after the White House announced the change.","President Trump’s tariff exemption for iPhones and other Chinese-made electronics may only be temporary, Commerce Secretary Howard Lutnick said Sunday just two days after the White House announced th… [+4804 chars]"
23,2025-04-13T15:14:31Z,Al Jazeera English,Al Jazeera,China says US tariff exemptions ‘small step in correcting wrong practice’,Beijing calls on Washington to 'completely cancel' its reciprocal tariffs amid an escalating trade war.,"China has welcomed the announcement by the United States of a series of exemptions from import levies on consumer electronics, which it said was a small step in correcting President Donald Trumps wro… [+1939 chars]"
24,2025-04-13T14:46:17Z,NDTV News,Agence France-Presse,"""Urge US To Correct Its Mistakes"": China On Reciprocal Tariffs",China on Sunday called on the United States to &quot;completely cancel&quot; its reciprocal tariffs after Washington announced exemptions for consumer electronics and key chipmaking equipment.,"Beijing: China on Sunday called on the United States to ""completely cancel"" its reciprocal tariffs after Washington announced exemptions for consumer electronics and key chipmaking equipment.
""We ur… [+1111 chars]"
25,2025-04-13T14:30:46Z,The Times of India,ET Online,"‘To throw Americans out of work, start a trade war’: China weaponises Ronald Reagan to undercut Trump’s trade war narrative","China has thrown Ronald Reagan’s words back at Donald Trump to slam the former US president’s surging tariffs, escalating a fierce trade war. With levies now soaring as high as 145%, Beijing has warned of global consequences. US tech firms are reeling, Chines…","By turning Ronald Reagan against Donald Trump, China has made its most pointed rebuke yet in a spiralling trade war. On Friday, Chinas Foreign Ministry published a striking video on X (formerly Twitt… [+5099 chars]"
26,2025-04-13T13:38:36Z,Patently Apple,Jack Purcher,Kuo: Apple’s iPhones will still be hit with a 20% Tariff and a report that iPhone production has been halted in China is being disputed,"While it was reported yesterday that Trump’s tariffs on smartphones and computers were being spared, Apple analyst Ming-Chi Kuo wanted to clarify this false reporting.","While it was reported yesterday that Trumps tariffs on smartphones and computers were being spared, Apple analyst Ming-Chi Kuo wanted to clarify this false reporting. Below are a few points that he m… [+1943 chars]"
27,2025-04-13T13:36:56Z,The Times of India,ET Online,"One man’s gut, everyone’s problem: Trump’s instinctive trade war is spooking global markets and allies alike","President Donald Trump's instinct-driven approach to policymaking has led to sweeping tariffs, causing economic upheaval and uncertainty. His unpredictable decisions have impacted global trade, strained international relations, and left American consumers fac…","President Donald Trump recently reversed his stance on tariffs, opting instead for trade negotiations. When asked about his decision-making process, he candidly stated, Instinctively, more than anyth… [+4036 chars]"
28,2025-04-13T13:18:12Z,International Business Times,AFP News,China Calls On US To 'Completely Cancel' Reciprocal Tariffs,"China on Sunday called on the United States to ""completely cancel"" its reciprocal tariffs after Washington announced exemptions for consumer electronics and key chipmaking equipment.","China on Sunday called on the United States to ""completely cancel"" its reciprocal tariffs after Washington announced exemptions for consumer electronics and key chipmaking equipment.
""We urge the US… [+2840 chars]"
29,2025-04-13T13:17:33Z,Digital Journal,AFP,China calls on US to ‘completely cancel’ reciprocal tariffs,"China on Sunday called on the United States to “completely cancel” its reciprocal tariffs after Washington announced exemptions for consumer electronics and key chipmaking equipment. “We urge the US to… take a big step to correct its mistakes, completely canc…","A woman walks past an electronics store at a shopping mall in Beijing on April 13, 2025 - Copyright AFP Pedro PARDO
China on Sunday called on the United States to “completely cancel” its reciprocal … [+2974 chars]"
30,2025-04-13T13:16:57Z,The Times of India,Global Desk,China urges USA to take 'big step' as Beijing sends direct tariffs message to Washington. Will President Donald Trump comply?,U.S. President Donald Trump said on Saturday that he will provide an update on his administration's approach to semiconductor tariffs on Monday,"China on Sunday called on the United States to ""completely cancel"" its reciprocal tariffs after Washington announced exemptions for consumer electronics and key chipmaking equipment.""We urge the US t… [+1426 chars]"
31,2025-04-13T12:34:43Z,The Times of India,AFP,China calls on US to 'completely cancel' reciprocal tariffs,China urged the United States to completely eliminate its reciprocal tariffs following Washington's exemptions on consumer electronics and chipmaking equipment. A commerce ministry spokesperson called for the US to correct its mistakes and return to mutual re…,"China on Sunday called on the United States to ""completely cancel"" its reciprocal tariffs after Washington announced exemptions for consumer electronics and key chipmaking equipment.""We urge the US t… [+1055 chars]"
32,2025-04-13T12:14:26Z,Biztoc.com,bloomberg.com,Apple Readies Pair of Headsets While Still Looking Ahead to Glasses,,"{ window.open(this.href, '_blank'); }, 200); return false;""&gt;Why are Tesla showrooms facing protest backlash? { window.open(this.href, '_blank'); }, 200); return false;""&gt;How will Tesla stopping … [+992 chars]"
33,2025-04-13T09:52:23Z,The Times of India,ET Online,iPhones and laptops exported from India to US now cost 20% less than Chinese shipments,"The US has removed import duties on electronics, giving India and Vietnam a 20% tariff advantage over China. This policy shift is expected to boost Apple's exports from India, where mobile phone exports have already surged. Experts believe this creates a sign…","The export of iPhones, smartphones, tablets, and laptops from India to the US will now be 20 per cent cheaper compared to similar products shipped from China. This follows a recent decision by the US… [+4368 chars]"
34,2025-04-13T09:27:13Z,PEOPLE,Nicholas Rice,'SNL' Mocks Donald Trump' Tariffs Policy in Easter Sketch: Watch,"President Donald Trump’s tariff plans were repeatedly mocked on the April 12 episode of ‘Saturday Night Live.’ During the Cold Open, Trump, played by James Austin Johnson, poked fun at the economy in an Easter sketch that saw him compare himself to Jesus.","<ul><li>President Donald Trump's tariff plan was mocked numerous times on the April 12 episode of Saturday Night Live, with James Austin Johnson impersonating the politician</li><li>SNL's Trump liken… [+4176 chars]"
35,2025-04-13T07:00:20Z,Ambcrypto.com,Ishika Kumari,Bitcoin: Experts split on BTC’s long-term outlook- Here’s why,"BTC struggles with volatility; optimistic on-chain metrics hint at potential breakout above $94,500.","<ul><li>Bitcoin battles volatility amid Trump tariffs, with prices dipping below $90K.</li><li>The market is divided as CZ predicts $1 million for Bitcoin while Schiff foresees a global sell-off.</li… [+2865 chars]"
36,2025-04-13T05:39:00Z,Hurriyet Daily News,hurriyetdailynews.com,US exempts tech imports in tariff step back,The Trump administration has exempted a raft of consumer electronics from its punishing import tariffs — offering relief to U.S. tech firms and partially dialling down a trade war with China.,"WASHINGTON
The Trump administration has exempted a raft of consumer electronics from its punishing import tariffs offering relief to U.S. tech firms and partially dialling down a trade war with Chin… [+3919 chars]"
37,2025-04-13T04:42:58Z,Firstpost,Fp Tech Desk,Apple’s $22 bn pivot to India: iPhone manufacturing surges as trade winds shift from China,"While electronics, including smartphones, were exempted from those tariffs in a recent announcement, the broader levies on China — now totalling 145 per cent — remain intact. For Apple, this makes India a relatively safe harbour","Apple has sharply accelerated its iPhone production in India, assembling devices worth an estimated $22 billion in the 12 months ending March 2025 a 60 per cent jump over the previous year. The ramp-… [+2728 chars]"
38,2025-04-13T03:40:35Z,BusinessLine,S Ronendra Singh,"Trump tariffs: Exemption of smartphones, computers from reciprocal tariffs gives respite to manufacturers in India","According to the electronics industry in India, it is a big respite for the smartphone makers and they expected there would be no extraordinary disruption","The latest announcement by the US President Donald Trump, exempting reciprocal tariffs on smartphones, laptop computers, hard drives, computer processors and memory chips, has given respite to electr… [+3410 chars]"
39,2025-04-13T03:02:33Z,Digital Journal,AFP,US exempts tech imports in tariff step back,The Trump administration has exempted a raft of consumer electronics from its punishing import tariffs — offering relief to US tech firms and partially dialling down a trade war with China. A notice late Friday by the US Customs and Border Protection office s…,"US President Donald Trump raises a fist as he steps off Air Force One at Palm Beach International Airport in Florida on April 11, 2025, while heading to spend the weekend at his Mar-a-Lago resort - C… [+4415 chars]"
40,2025-04-13T03:00:24Z,The Punch,Agency Report,US exempts tech imports in tariff step back,"The Trump administration has exempted a raft of consumer electronics from its punishing import tariffs, offering relief to US tech firms and partially dialling down a trade war with China. A notice late Friday by the US Customs and Border Protection office sa…","The Trump administration has exempted a raft of consumer electronics from its punishing import tariffs, offering relief to US tech firms and partially dialling down a trade war with China.
A notice … [+4197 chars]"
41,2025-04-13T00:29:52Z,Android Headlines,Jean Leon,Smartphones & computers officially exempt from Trump's tariffs,The US government has confirmed that tech segments such as smartphones and computers are exempt from Trump's tariffs.,"Summary: Tech fans, you can breathe easy. Donald Trumps administration has announced an exemption from tariffs on smartphones and computers, as well as other electronic products. The exemption also i… [+3544 chars]"
42,2025-04-12T20:05:57Z,New Zealand Herald,NA,"Trump exempts smartphone, laptops, chips in China tariff backdown","Good news for iPhone maker Apple, other who make products in China for US market.","The step-down will generally narrow the impact of the staggering 145% tariffs Trump has imposed this year on Chinese goods entering the United States.
US Customs data suggests the exempted items acc… [+3340 chars]"
43,2025-04-12T19:00:14Z,TheJournal.ie,"Dr Kevin Byrne, Dr Chao Ji-Hyland & Dr Nikolaos Valantasis Kanellos",Analysis: What are the potential impacts of Trump's tariffs on the Irish supply chain?,Members of the TU Dublin Research Centre for Sustainable Technology look at the potential fallout from Trump’s unpredictable economic moves.,"US PRESIDENT DONALD Trump launched a global tariff increase on 5 April, targeting over 57 different countries that are active exporters of goods into the United States.
The move represents a signifi… [+9231 chars]"
44,2025-04-12T18:53:58Z,The Times of India,Global Desk,"Boost for Apple and Nvidia as Trump exempts smartphones, computers, and electronic items from tariffs; will stocks rise following the move?","Apple and Nvidia get tariff relief as President Donald Trump exempts smartphones, computers, and key electronics from steep China tariffs, offering a major boost to tech giants and consumers alike. With tariffs on Chinese goods now at 145%, this exemption hel…","Boost for Apple and Nvidia as Trump exempts smartphones, computers, and electronics from China tariffs: In a major move that could shake up the tech world and stock markets, President Donald Trumps a… [+4353 chars]"
45,2025-04-12T18:30:10Z,TechRadar,David Nield,"Are iPhone prices safe? Phones, computers, and chips are now exempt from US tariffs",A range of electronics goods are now exempt from tariffs – including those manufactured in China.,"<ul><li>Certain electronics gadgets are now exempt from certain tariffs</li><li>Phones, laptops, and processors all get a reprieve – which includes China</li><li>It's still not clear what will happen… [+2628 chars]"
46,2025-04-12T17:42:20Z,Newsweek,Jason Lemon,Donald Trump's Tariff Exemptions Raise Eyebrows—'Almost Getting Comical',"""If tariffs are so great, why so many exemptions?"" a former Republican congressman asked on social media.","President Donald Trump's decision to exempt many electronics from newly implemented tariffs has sparked surprise from critics, with some citing recent remarks by Commerce Secretary Howard Lutnick to … [+5776 chars]"
47,2025-04-12T16:59:52Z,Tom's Hardware UK,Ash Hill,"Trump enacts tariff exemptions for computers, smartphones, and more","The tech industry is delighted that computers, smartphones, semiconductor chips, and more are officially exempt from tariffs on foreign imports.","Amidst the flurry of tariffs imposed by the Trump administration over the last few weeks, we finally have some exemptions that should significantly impact the tech sector. While the initial reciproca… [+2163 chars]"
48,2025-04-12T16:44:02Z,MacRumors,Juli Clover,"iPhones, Macs, and Other Apple Devices Exempted From Trump Tariffs","Apple and other electronics manufacturers have received a break from Trump's reciprocal tariffs, with the U.S. Customs and Border Protection agency sharing a long list of products excluded from the levies last night.





iPhones, Macs, iPads, Apple Watch, an…","Apple and other electronics manufacturers have received a break from Trump's reciprocal tariffs, with the U.S. Customs and Border Protection agency sharing a long list of products excluded from the l… [+1570 chars]"
49,2025-04-12T16:27:14Z,International Business Times,Beiyi Seow and Michael Mathes,US Exempts Tech Imports In Tariff Step Back,The Trump administration has announced a series of major exemptions to its punishing global tariffs -- an apparent step back in an escalating trade war with China.,"The Trump administration has announced a series of major exemptions to its punishing global tariffs -- an apparent step back in an escalating trade war with China.
A notice late Friday by the US Cus… [+3476 chars]"
50,2025-04-12T16:00:19Z,Cult of Mac,Lewis Wallace,The great iOS 19 squircles controversy [The CultCast],"This week on Cult of Mac's podcast: Spat over a supposed iOS 19 leak that shows rounder ""squircles"" for app icons is a laugh riot.
(via Cult of Mac - Apple news, rumors, reviews and how-tos)",This week on Cult of Macs podcast: The latest video from Front Page Tech leaker in chief Jon Prosser gives us a closer look at what iOS 19 might look like. Its glossy UI elements and rounder squircle… [+1181 chars]
51,2025-04-12T15:56:01Z,Neowin,Hamid Ganji,"Tech gets a pass; Smartphones, computers, and chips exempted from Trump tariffs","Donald Trump has exempted some widely used electronic devices from paying hefty tariffs, temporarily relieving American consumers. Read more...","Image via White House
The US Customs and Border Protection has issued a new guidance that relieves consumers and companies alike and it exempts a variety of tech products from paying hefty tariffs. … [+1866 chars]"
52,2025-04-12T15:05:35Z,Wccftech,Muhammad Zuhair,Trump Tariffs Would “Worsen” The Expansion of Chipmakers Into The US; Producing In Taiwan Still a Better Option Despite The Recent Tariffs,"While Trump's new trade policy will have its benefits, it won't prompt chipmakers to expand into the US since equipment procurement costs are said to grow tremendously. Trump's Newest Tariffs Will Make It Difficult For Chipmakers To See The US As An Alternate…","While Trump's new trade policy will have its benefits, it won't prompt chipmakers to expand into the US since equipment procurement costs are said to grow tremendously.
Chip manufacturing in the US … [+1954 chars]"
53,2025-04-12T15:01:52Z,Cult of Mac,Ed Hardy,"Whew! Trump tariffs won’t hit iPhone, Mac and other electronics.","President Trump removed the hefty tariffs he’d imposed on phone, computers and many other electronics.
(via Cult of Mac - Apple news, rumors, reviews and how-tos)","President Donald Trump removed the hefty tariffs hed imposed on phone, computers and many other electronics being imported into the United States. The change, which came late Friday, should prevent p… [+444 chars]"
54,2025-04-12T14:24:43Z,Macdailynews.com,MacDailyNews,President Trump exempts smartphones and computers from new U.S. import tariffs,"President Donald Trump's administration has excluded smartphones and computers from its reciprocal tariffs, which include a 125% tariff…
The post President Trump exempts smartphones and computers from new U.S. import tariffs appeared first on MacDailyNews.","President Donald Trump holds a signed executive order on tariffs, in the Rose Garden at the White House in Washington, D.C., April 2, 2025.
President Donald Trump’s administration has excluded smart… [+1032 chars]"
55,2025-04-12T14:08:39Z,Wccftech,Muhammad Zuhair,"Apple, Dell & Major Tech Companies Managed To “Front-Run” Trump Tariffs As PC Shipments Reach Highest Levels in Four Years","Well, it seems like Trump's tariffs did bring back momentum to the PC supply chain, as a new report by Canalys shows that companies imported PC products in mass volumes. PC Companies Tried To Escape Trump Tariffs By Importing In Large Quantities, Trying To Sq…","Well, it seems like Trump's tariffs did bring back momentum to the PC supply chain, as a new report by Canalys shows that companies imported PC products in mass volumes.
The new US trade policy has … [+1937 chars]"
56,2025-04-12T14:08:32Z,NBC News,"Erin Doherty, CNBC","Trump exempts phones, computers, chips from new tariffs","Smartphones and computers are among many tech devices and components that will be exempted from new tariffs imposed by President Donald Trump, according to new guidance from U.S.","Smartphones and computers are among many tech devices and components that will be exempted from new tariffs imposed by President Donald Trump, according to new guidance from U.S. Customs and Border P… [+980 chars]"
57,2025-04-12T14:00:00Z,Forbes,"Kelly Phillips Erb, Forbes Staff, 
 Kelly Phillips Erb, Forbes Staff
 https://www.forbes.com/sites/kellyphillipserb/",Tax Breaks: The Week That Turned Out To Be A Wild Ride Edition,"Plus: Tariffs, more cuts coming at IRS, paying taxes with a credit card, tax season filing statistics, IRS website errors, conferences & deadlines, tax trivia and more.","The week was a rollercoaster for investors.
getty
The big news this week was the stock market. U.S. stocks tumbled as traders grappled with the consequences of President Donald Trump's tariffs. The… [+19004 chars]"
58,2025-04-12T13:00:52Z,Yahoo Entertainment,Daniel Howley,Tariff confusion leaves tech shoppers questioning if they should buy now or risk waiting,Trump's trade war leaves consumers wondering whether they should buy now or later.,To buy or not to buy. Thats the question consumers and businesses across the US are asking amid President Trumps ongoing global tariff war. And while he paused the most punitive duties on the majorit… [+5521 chars]
59,2025-04-12T12:34:46Z,Photorumors.com,PR admin,Breaking: Canon to increase prices in the US as a result of the new Trump tariffs,"A reliable source just confirmed to me that Canon will soon increase prices in the US as a result of the new tariffs introduced by President Trump last week. If you are planning to get some new gear, now would be a good time since the price increase could com…","FCC disclosure statement: this post may contain affiliate links or promotions that do not cost readers anything but help keep this website alive. As an Amazon Associate, I earn from qualifying purcha… [+253 chars]"
60,2025-04-12T12:20:45Z,Wccftech,Muhammad Zuhair,Trump’s “Reciprocal Tariffs” Have Reportedly Exclude PCs & Smartphone Imports; A Major Sigh of Relief For The Consumer Market,"U.S. Customs and Border Protection (CBP) has released new tariff guidance, and the product exemption list includes both smartphone and PC tariff codes, indicating that the reciprocal tariffs won't have an effect on their pricing. US CBP Tariff Guidance Includ…","U.S. Customs and Border Protection (CBP) has released new tariff guidance, and the product exemption list includes both smartphone and PC tariff codes, indicating that the reciprocal tariffs won't ha… [+1841 chars]"
61,2025-04-12T08:20:40Z,Biztoc.com,nytimes.com,What’s Wrong With Apple?,,"{ window.open(this.href, '_blank'); }, 200); return false;""&gt;Why are US stock indexes volatile today? { window.open(this.href, '_blank'); }, 200); return false;""&gt;What triggered GMs Ontario produ… [+874 chars]"
62,2025-04-12T06:00:00Z,Naturalnews.com,Laura Harris,Trump to impose major tariffs on foreign-made pharmaceuticals,"President Donald Trump plans to impose major tariffs on imported pharmaceuticals to push manufacturers to relocate production to the U.S., leveraging America’s dominant market share. The policy aims to incentivize companies to abandon China and other countrie…","<ul><li>President Donald Trump plans to impose major tariffs on imported pharmaceuticals to push manufacturers to relocate production to the U.S., leveraging America's dominant market share.</li><li>… [+4305 chars]"
63,2025-04-12T05:47:02Z,Bloodinthemachine.com,mechazoidal,Flyover Country - by Brian Merchant - Blood in the Machine,"Tim Maughan. 
Republished in 2025 after demise of Motherboard & VICE: ""Just to underline how eerily prescient Tim’s piece was—or how stuck Trump is on certain horrors—here is, I kid you not, the intro I wrote for the story back in 2016 (even though it kills m…","When the clip of Howard Lutnick announcing his vision for post-tariff Americamillions and millions of human beings screwing in little screws to make iPhoneswent viral, I immediately thought of Flyove… [+16420 chars]"
64,2025-04-12T01:11:41Z,Biztoc.com,bloomberg.com,Singapore Finance CEO on How to Survive Choppy Global Markets,,"{ window.open(this.href, '_blank'); }, 200); return false;""&gt;Why is GM halting EV production in Ontario? { window.open(this.href, '_blank'); }, 200); return false;""&gt;What caused Tesla to pull U.S… [+968 chars]"
65,2025-04-12T01:00:55Z,Biztoc.com,reuters.com,GM to halt EV van production in Ontario to adjust for market demand,,"{ window.open(this.href, '_blank'); }, 200); return false;""&gt;Why is GM halting EV production in Ontario? { window.open(this.href, '_blank'); }, 200); return false;""&gt;What caused Tesla to pull U.S… [+970 chars]"
66,2025-04-11T23:04:08Z,Android Headlines,Tyler Lee,Trump Tariffs Are Reshaping the Smartphone Industry — And Consumers Will Pay the Price,The post Trump Tariffs Are Reshaping the Smartphone Industry — And Consumers Will Pay the Price appeared first on Android Headlines.,"Foreign leaders have stolen our jobs, foreign cheaters have ransacked our factories, and foreign scavengers have torn apart our once-beautiful American Dream. But it is not going to happen anymore.
… [+8361 chars]"
67,2025-04-11T21:36:33Z,TheWrap,Sean Burch,Wall Street Rallies After Trump Says He Is ‘Open to Talks’ With China on Tariff Deal,"Apple continues to rebound from the $1 trillion that was slashed from its market cap following the president's new tariff plan
The post Wall Street Rallies After Trump Says He Is ‘Open to Talks’ With China on Tariff Deal appeared first on TheWrap.","Another day, another wild trading session, with all three major stock indexes jumping more than 1.50% on Friday. The strong close to a whiplash-inducing week comes after a few more twists in the ongo… [+3061 chars]"
68,2025-04-11T20:19:27Z,Tubefilter,James Hale,"Have you heard? ‘Ask a Ninja’ revived, scambaiters in the spotlight, and Twitch staff says Adin Ross unban big L","Each week, we handpick a selection of stories to give you a snapshot of trends, updates, business moves, and more from around the creator industry. This week, a pop culture tentpole pays homage to its roots while multiple creators reward their fans with new p…","Each week, we handpick a selection of stories to give you a snapshot of trends, updates, business moves, and more from around the creator industry. This week, a beloved web series returns to YouTube,… [+7411 chars]"
69,2025-04-11T20:02:22Z,Yahoo Entertainment,Brett LoGiurato,"Stock market today: Dow surges 600 points, S&P 500 has best week since 2023 to cap wild week of tariff-fueled chaos",Wall Street is set to wrap up another week of tariff-fueled turmoil.,"US stocks turned higher on Friday to cap a chaotic week on Wall Street, as investors weighed the latest tariff-related developments in the trade war between the US and China.
The S&amp;P 500 (^GSPC)… [+14695 chars]"
70,2025-04-11T19:47:32Z,TechCrunch,Kirsten Korosec,TechCrunch Mobility: Jeff Bezos backs a secretive EV startup and Lucid snaps up Nikola’s assets  | TechCrunch,Welcome back to TechCrunch Mobility — your central hub for news and insights on the future of transportation. Sign up here for free — just click,"Welcome back to TechCrunch Mobility your central hub for news and insights on the future of transportation. Sign up here for free just click TechCrunch Mobility!
Tariffs, tariffs, tariffs. If there … [+5234 chars]"
71,2025-04-11T19:20:19Z,Forbes,"Derek Saul, Forbes Staff, 
 Derek Saul, Forbes Staff
 https://www.forbes.com/sites/dereksaul/",These Were The Best (And Worst Stocks) To Own As Trump’s Tariffs Shuffled Markets,Shares of Apple and Tesla have lost more than 10% since “Liberation Day” during the stock market rollercoaster.,"The Wall Street ride has been bumpy since President Donald Trumps announcement last week he planned to impose the most severe tariffs in more than a century, and a majority of stocks remain in the re… [+4040 chars]"
72,2025-04-11T19:15:34Z,New York Post,Josh Christenson,"Rep. Marjorie Taylor Greene bought up tech, apparel shares that surged after Trump’s tariffs pause","Before a global tariffs pause of 90-days was announced Wednesday, Trump had posted on his Truth Social a little after 9:30 a.m. EST: “THIS IS A GREAT TIME TO BUY!!! DJT.”",WASHINGTON Rep. Marjorie Taylor Greene purchased shares in US companies that dipped following President Trump’s “Liberation Day” tariff announcement — then rallied when a 90-day pause on rates agains… [+3924 chars]
73,2025-04-11T19:11:33Z,The Times of India,Global Desk,"Despite Trump’s tariff pause, these products will still rock your household budget | Full list","As the effects of Trump’s tariffs unfold, analysts warn of growing uncertainty in consumer markets. With essential products becoming more expensive, household budgets will likely face increasing strain.","Even as some of the strongest tariffs have been delayed, American consumers will soon enough feel the bite of Trump's tariffs. Analysts warn that while a 90-day reprieve on certain duties was declare… [+4303 chars]"
74,2025-04-11T18:43:49Z,Macdailynews.com,MacDailyNews,Analysts see rising odds for Apple to secure U.S. tariff exemptions,"Wall Street analysts and investors are growing more optimistic that Apple might dodge President Trump's U.S. import tariffs on China…
The post Analysts see rising odds for Apple to secure U.S. tariff exemptions appeared first on MacDailyNews.","President Trump speaks with Tim Cook at an American Workforce Policy Advisory Board meeting in March 2019. (photo: Al Drago/Bloomberg News)
Wall Street analysts and investors are growing more optimi… [+2099 chars]"
75,2025-04-11T18:29:58Z,Business Insider,Bryan Metzger,It may be weeks before we learn which politicians cashed in on Trump's tariff-driven stock market dip,"Democrats are raising alarms about potential insider trading. There's no evidence yet, but lawmakers and Trump advisors have to disclose by mid-May.","Rep. Marjorie Taylor Greene bought thousands of dollars of stock in 17 different companies as markets began to tank in the wake of Trump's tariff announcement.Allison Robbert/AFP via Getty Images
<u… [+5515 chars]"
76,2025-04-11T18:24:13Z,iPhone in Canada,Usman Qureshi,"Apple’s AI Ambitions Stalled by Chip Shortages, Trade Tariffs","Apple's efforts to advance its AI capabilities have encountered significant obstacles, stemming from disagreements over chip procurement.
The post Apple’s AI Ambitions Stalled by Chip Shortages, Trade Tariffs first appeared on iPhone in Canada Blog.",Apples highly anticipated artificial intelligence (AI) update is facing unexpected delays due to internal disagreements over chip acquisition and supply chain challenges triggered by escalating U.S.-… [+2078 chars]
77,2025-04-11T18:22:23Z,Computerworld,Viktor Eriksson,Apple flew 600 tons of iPhones from India to the US to avoid Trump tariffs,"Apple chartered six planes to fly 600 tons of iPhones into the US from India to avoid President Donald J. Trump’s tariffs, Reuters reports. That’s an estimated equivalent of up to 1.5 million smartphones.




The company relies on iPhone manufacturers locate…","Apple chartered six planes to fly 600 tons of iPhones into the US from India to avoid President Donald J. Trump’s tariffs, Reuters reports. That’s an estimated equivalent of up to 1.5 million smartph… [+424 chars]"
78,2025-04-11T18:14:31Z,Forbes,"Jack Kelly, Senior Contributor, 
 Jack Kelly, Senior Contributor
 https://www.forbes.com/sites/jackkelly/","China’s Tariff Retaliation, What’s Next For Trump, Apple, And The Job Market","There’s a case for cautious optimism. Tariffs could push companies to innovate, reducing reliance on China and shaky global supply chains.","NEW YORK, NEW YORK - APRIL 10: Traders work on the floor of the New York Stock Exchange (NYSE) on ... More April 10, 2025 in New York City. Despite U.S. President Donald Trump's declared 90-day tarif… [+5631 chars]"
79,2025-04-11T18:12:46Z,The Conversation Africa,"Linggong Kong, Ph.D. Candidate in Political Science, Auburn University","In trade war with the US, China holds a lot more cards than Trump may think − in fact, it might have a winning hand","Trump’s tariffs may hurt, but this time China holds more cards − and could turn the pressure into a strategic advantage.","When Donald Trump pulled back on his plan to impose eye-watering tariffs on trading partners across the world, there was one key exception: China.

While the rest of the world would be given a 90-day… [+9368 chars]"
80,2025-04-11T18:00:00Z,Cointelegraph,Cointelegraph by Zoltan Vardai,Trump kills DeFi broker rule in major crypto win: Finance Redefined,"Trump kills DeFi broker rule in major crypto win: Finance Redefined, April 4–11In a significant win for decentralized finance (DeFi) protocols, US President Donald Trump overturned the Internal Revenue Service’s DeFi broker rule, which would have expanded exi…","In a significant win for decentralized finance (DeFi) protocols, US President Donald Trump overturned the Internal Revenue Services DeFi broker rule, which would have expanded existing reporting requ… [+7534 chars]"
81,2025-04-11T17:54:33Z,The Daily Dot,Monica Sager,MTG reveals she bought big during stock market dip—now people want her investigated,"Democrats are calling for an investigation into Rep. Marjorie Taylor Greene (R-Ga.) for alleged insider trading after publicly disclosing recent stock trades at the market’s low point.


The U.S. stock market plummeted this past week as trade uncertainty rose…","Democrats are calling for an investigation into Rep. Marjorie Taylor Greene (R-Ga.) for alleged insider trading after publicly disclosing recent stock trades at the markets low point.
The U.S. stock… [+4956 chars]"
82,2025-04-11T17:27:29Z,The Times of India,Global Desk,Dollar in dire straits as bond yields surge following Trump's tariffs: Fed's Kashkari warns investors are fleeing U.S market in droves,"Dollar in dire straits as U.S. bond yields surge following Trump’s tariff announcement, signaling global investors may be pulling out of American markets. Fed’s Neel Kashkari warns that the falling dollar and rising yields could point to a larger shift away f…",Dollar takes a hit as bond yields climb after Trumps tariff shock: Feds Kashkari says global investors are pulling back from U.S. assets - In a major shift thats raising eyebrows across global financ… [+5228 chars]
83,2025-04-11T17:16:00Z,Hot Hardware,Bruno Ferreira,China's Chip Tariff Policy Update Potentially Gives AMD A Big Advantage Over Intel,"Some chip companies and their customers ought to be breathing a little easier today, thanks to a Chinese exemption on retaliatory tariffs on China-manufactured chips. The is particularly welcome news for AMD, Qualcomm, Apple, and Nvidia, among others, as thes…","Some chip companies and their customers ought to be breathing a little easier today, thanks to a Chinese exemption on retaliatory tariffs on China-manufactured chips. The is particularly welcome news… [+1382 chars]"
84,2025-04-11T17:07:25Z,The Times of India,Global Desk,"As Donald Trump called Buy, Marjorie Taylor Greene bought thousands of shares, now she is under fire as lawmakers call for insider trading probe",Republican Congresswoman Marjorie Taylor Greene faces scrutiny. This follows her stock trades after Donald Trump's tariff announcement. Democrats are demanding an investigation. They want to know if Greene used inside information. Senator Adam Schiff is also …,The political and financial consequences continue after US president Donald Trump's unexpectedly high tariff announcement sent shockwaves through world markets. Republican Congresswoman Marjorie Tayl… [+2394 chars]
85,2025-04-11T16:35:33Z,CNBC,NA,Apple may hike iPhone prices as Trump tariffs on China remain high,Apple's reliance in China will likely lead to higher prices for iPhones.,"Apple is once again in the crosshairs of a global trade war. This time, the stakes may be even higher.
On April 2, President Donald Trump signed a sweeping executive order instituting reciprocal tar… [+4263 chars]"
86,2025-04-11T16:00:21Z,newsBTC,Scott Matherson,"Trump’s Tariff Pause Could Push Bitcoin Price Above $100,000, Pundit Reveals Exit Point","Donald Trump’s decision to enact a 90-day pause on his tariffs sent a new wave of buying pressure across the crypto markets, with Bitcoin pushing past the $80,000 price level again. Although the wave of buying pressure is now starting to cool down, the bullis…","Strict editorial policy that focuses on accuracy, relevance, and impartiality
Created by industry experts and meticulously reviewed
The highest standards in reporting and publishing
Strict editori… [+2750 chars]"
87,2025-04-11T15:57:29Z,Biztoc.com,investors.com,Apple Tariff Exemption Odds Increasing As China Levies Kick In,"Wall Street analysts and investors think the odds are increasing that Apple will get an exemption to the Trump tariffs. Apple stock rose on Friday.
The post Apple Tariff Exemption Odds Increasing As China Levies Kick In appeared first on Investor's Business D…",Wall Street analysts and investors think the odds are increasing that Apple will get an exemption to the Trump tariffs. Apple stock rose on Friday.The post Apple Tariff Exemption Odds Increasing As C… [+123 chars]
88,2025-04-11T15:48:00Z,Globalresearch.ca,Karl Sanchez,"“When You Make Enemies Everywhere, You Can’t Sell Anything”. “The No-Win War”. China vs. America","In a recent article before Trump’s tariff announcement, I mentioned the growing movement to boycott Made in USA because of its continuing to abet Genocide in Gaza. That has now spread even farther in defiance of the tariffs. But …
The post “When You Make Enem…","In a recent article before Trumps tariff announcement, I mentioned the growing movement to boycott Made in USA because of its continuing to abet Genocide in Gaza. That has now spread even farther in … [+12954 chars]"
89,2025-04-11T15:42:59Z,Livemint,Nikita Prasad,Trump tariffs: Why Apple picks China for manufacturing? CEO Tim Cook's striking reply; ‘It’s not cheap labour…' | Watch,Trump tariffs: Why Apple picks China for manufacturing? CEO Tim Cook's striking reply; ‘It’s not cheap labour…' | Watch,Trump tariffs: Apple chief executive officer (CEO) Tim Cook has clarified that the American multinational tech bellwether chooses China for manufacturing not because of the South Asian nation's low l… [+658 chars]
90,2025-04-11T15:40:00Z,CNET,Thomas Kika,"Tariffs Explained: As Trump Alters Tariff Plans, Here's What It All Means for You","The president's global raft of tariffs was dubbed ""worse than the worst-case scenario"" by experts, but the most alarming parts of the plan were delayed on April 9.","After months of delays, President Donald Trump's contentious tariff barrage was meant to fully take effect at midnight on Wednesday, but only a few hours later, the many of the most widespread duties… [+18032 chars]"
91,2025-04-11T15:35:49Z,Biztoc.com,bloomberg.com,NYC Champagne Bar Will Manage Trump Tariffs With Smaller Pours,,"{ window.open(this.href, '_blank'); }, 200); return false;""&gt;Why did Treasury yields surge today? { window.open(this.href, '_blank'); }, 200); return false;""&gt;Why did China intensify tariffs on U… [+988 chars]"
92,2025-04-11T15:17:34Z,Rolling Stone,Nikkimccannramirez,White House Is Pressing for Xi to Call Trump as China Trade War Spirals: Report,China has raised its retaliatory tariffs against the United States to 125 percent as markets continue to fluctuate in response to the trade war.,"President Donald Trump seems perfectly willing to plunge the United States into a full-blown trade war with China, and China is not backing down.
Trump on Wednesday paused many of the most extreme t… [+3333 chars]"
93,2025-04-11T14:38:47Z,TheWrap,Sean Burch,Wall Street Inches Higher Even as China Ups Its Tariff on American Goods to 125%,"""We are doing really well on our tariff policy,"" President Trump insists as media and tech stocks open Friday to mixed results
The post Wall Street Inches Higher Even as China Ups Its Tariff on American Goods to 125% appeared first on TheWrap.","After what has felt like a weeklong rollercoaster ride for most investors, Wall Street was off to a relatively tame Friday morning, with the three major indexes all modestly moving higher in early tr… [+2005 chars]"
94,2025-04-11T14:19:25Z,Biztoc.com,wsj.com,"Stocks to Watch Friday: JPMorgan, Wells Fargo, BlackRock, Novartis",,"{ window.open(this.href, '_blank'); }, 200); return false;""&gt;Why did BlackRock profit fall despite record assets? { window.open(this.href, '_blank'); }, 200); return false;""&gt;Why did Tesla halt o… [+997 chars]"
95,2025-04-11T14:07:23Z,Biztoc.com,bloomberg.com,Who Pays for Aerospace Tariffs? Maybe No One,,"{ window.open(this.href, '_blank'); }, 200); return false;""&gt;Why did BlackRock profit fall despite record assets? { window.open(this.href, '_blank'); }, 200); return false;""&gt;Why did Tesla halt o… [+988 chars]"
96,2025-04-11T14:06:33Z,Biztoc.com,barrons.com,BYD Stock Soars. Why Trump’s Tariffs War With China Can Boost Tesla’s Rival,,"{ window.open(this.href, '_blank'); }, 200); return false;""&gt;Why did BlackRock profit fall despite record assets? { window.open(this.href, '_blank'); }, 200); return false;""&gt;Why did Tesla halt o… [+929 chars]"
97,2025-04-11T14:03:48Z,Stratechery.com,Ben Thompson,2025.15: Liberation and Whiplash,"The best Stratechery content from the week of April 7, 2025, with a focus on the Trump administration's disastrous tariffs, Apple's complicated future, and how China might respond.","Hello! And welcome to a new feature called “This Week in Stratechery.” Each week, on Fridays, we’re going to be putting together a digest of everything that’s been released in the Stratechery Plus un… [+3729 chars]"
98,2025-04-11T14:00:00Z,Wired,Lauren Goode,Where Were Big Tech’s CEOs on Tariffs?,"Tim Cook, Mark Zuckerberg, and other tech leaders refrained from making public statements while their companies collectively lost trillions. Their silence was both deafening and strategic.","If you logged on to X or Bluesky this past week, you were likely swept up in the onslaught of posts about Trumps reciprocal tariffs and the plunging stock market. And, if you follow the tech industry… [+3807 chars]"
99,2025-04-11T12:55:39Z,The Verge,David Pierce,How the tech world is responding to tariff chaos,"(If youâre reading this, please go vote for The Vergecast in the Webby Awards! Voting is open for roughly another week, and weâre up against some steep competition â it would mean the world to us if youâd pick us. Thank you so much!) Itâs important …","On The Vergecast: the ever-changing price of everything, Metas AI cheating, the TikTok ban, and Brendan Carr.
On The Vergecast: the ever-changing price of everything, Metas AI cheating, the TikTok b… [+2378 chars]"
100,2025-04-04T01:35:35Z,Cnbeta.com.tw,NA,自夸“关税手术救活病夫美国” 特朗普给美股捅出大出血,"美国总统特朗普当地时间4月2日签署所谓“对等关税”行政令，宣布美国对贸易伙伴设立10%“最低基准关税”，并对某些贸易伙伴征收更高关税。3日，特朗普又发文将美国比作“病人”，而“对等关税”是“手术”，并称“手术已结束，病人活了下来”。特朗普还说，尽管关税冲击市场，但股市仍将“繁荣”。
然而从美股3日被血洗、三大股指创近5年最大单日跌幅的惨状看，“病夫美国”能不能活不知道，美股已经开始“术后大出血”了......手术结束了！病人活了下来，正在康复。病人在愈后会比以前更健壮、更坚韧。让美国再次伟大！！——美国总统特朗…","35......
3
 5
35
5.97%202035004.84%202063.98%20206
3Meta
 14%9%8%5%Meta9%
 50005000
421.3%20250.52.3%20250.9
331
·9%10%20%
·100300
·41
 ·
25%
4325%
3
141
3
3
2"
101,2025-04-03T01:36:23Z,Cnbeta.com.tw,NA,“对等关税”落地 特朗普上任以来的主要关税行动一览,"据央视新闻报道，当地时间4月2日，美国白宫发表声明称，美国总统特朗普当日宣布国家紧急状态，以提高美国的竞争优势，保护美国主权，并加强美国国家和经济安全。声明称，特朗普将对所有国家征收10%的“基准关税”，该关税将于美国东部时间4月5日凌晨0时01分生效。
此外，特朗普将对美国贸易逆差最大的国家征收个性化的更高“对等关税”，该关税将于美国东部时间4月9日凌晨0时01分生效，所有其他国家将继续遵守原有的10%关税基准。声明表示，一些商品将不受“对等关税”的约束，其中包括已经受第232条关税约束的钢铝制品、汽车和汽车…","4900110%
232232
43410%
20%10%31%26%25%24%36%46%49%
25%
25%44
10%4549
5001.9%2.7%20003.39%
3200/1.73%3140/0.84%
420.56%0.87%5000.67%5%2%Meta
0.08%2%1%4%1%
BondBloxx · JoAnne Bianco 
20%380… [+173 chars]"
102,NA,NA,NA,NA,NA,NA
103,2025-04-10T18:15:12Z,Eleconomista.es,Víctor Blanco Moro,Trump alivia al mundo de los aranceles pero no a EEUU: el daño a su economía no cambia por la agresividad hacia China,"Este miércoles el presidente de Estados Unidos, Donald Trump, dio un giro a su política arancelaria, al reducir todos los impuestos propuestos hasta una tarifa plana mundial del 10% durante los próximos 90 días, un periodo que aprovechará para negociar con lo…","Este miércoles el presidente de Estados Unidos, Donald Trump, dio un giro a su política arancelaria, al reducir todos los impuestos propuestos hasta una tarifa plana mundial del 10% durante los próxi… [+7822 chars]"
104,2025-04-10T04:33:35Z,Libremercado.com,Diego Sánchez de la Cruz,"La Ley Smoot-Hawley, el fatal error de 1930 que desencadenó el populismo arancelario","Sólo el crash de 1987, la crisis de 2008 y la debacle del Covid han provocado una mayor caída en los mercados que la de estos últimos días desde 1980.","El presidente Donald Trump ha dado un nuevo paso en la guerra comercial que vienen librando los Estados Unidos y China, pero ha extendido las medidas proteccionistas al resto de la economía global. C… [+5728 chars]"
105,2025-04-07T16:21:45Z,Eleconomista.es,Víctor Blanco Moro,La urgencia de Trump por bajar tipos: una montaña de deuda nunca vista que llega a vencimiento,"Durante el fin de semana Scott Bessent ha puesto cifras en el ahorro de costes que ha supuesto el descenso de las rentabilidades de los bonos de Estados Unidos. Según el secretario del Tesoro, por la última reacción del mercado, en el tramo final de la semana…","Durante el fin de semana Scott Bessent ha puesto cifras en el ahorro de costes que ha supuesto el descenso de las rentabilidades de los bonos de Estados Unidos. Según el secretario del Tesoro, por la… [+4081 chars]"
106,2025-04-03T13:43:11Z,La Nacion,Melisa Reinhold,Cómo reaccionan los mercados en la Argentina a los aranceles anunciados por Donald Trump,"El índice elaborado por el JP Morgan se ubica en 867 puntos básicos, 44 más que la rueda anterior, luego de que Donald Trump aplicara aranceles recíprocos","La política arancelaria de Donald Trump impacta este jueves en el mercado financiero local. Luego de que el presidente de Estados Unidos aplicara aranceles recíprocos para todos los países, de un 10%… [+2295 chars]"
107,2025-04-02T18:46:44Z,Expansion.com,Roberto Casado,La estadística bursátil con 120 años de historia que puede romper Trump,"El mercado se prepara para reaccionar a la nueva política arancelaria de la Casa Blanca, que va a ser anunciada por Donald Trump. Además del impacto de estas tarifas, los...",La reacción del mercado a los aranceles dependerá de la respuesta del resto del mundo y la posibilidad de que la Casa Blanca se centre ahora en los estímulos fiscales.El mercado se prepara para reacc… [+2750 chars]
108,2025-03-22T23:08:41Z,El Financiero,Josh Wingrove / Bloomberg,Aranceles recíprocos de Trump: ¿Por qué el 2 de abril será el ‘Día de la Liberación’ para EU?,"Trump prepara un anuncio arancelario con motivo del “Día de la Liberación” el próximo 2 de abril, día en el que revelará sus llamados aranceles recíprocos.","La próxima ola de aranceles del presidente Donald Trump será más específica que el aluvión con el que ocasionalmente ha amenazado, dicen asesores y aliados, un posible alivio para los mercados parali… [+5927 chars]"
